type,aid,timestamp,status,distance_m,azimuth_deg,elevation_deg,los
anchor,2,0.011,2,0.0,,,
anchor,3,0.011,2,0.0,,,
anchor,0,0.011,2,0.0,,,
anchor,1,0.011,2,0.0,,,
anchor,1,6.746,2,0.0,,,
anchor,1,6.944,2,0.0,,,
anchor,1,7.151,0,5.792,,,
ios,1,7.166,,5.786294460296631,0,141,0
anchor,1,7.349,0,5.792,,,
ios,1,7.36,,5.787744522094727,0,141,0
anchor,2,7.533,2,0.0,,,
anchor,1,7.547,0,5.778,,,
ios,1,7.569,,5.779682159423828,0,141,0
anchor,2,7.695,2,0.0,,,
anchor,1,7.745,2,0.0,,,
anchor,0,7.781,2,0.0,,,
anchor,2,7.866,3,0.0,,,
ios,2,7.874,,2.47328782081604,0,141,0
anchor,1,7.942,0,5.806,,,
ios,1,7.949,,5.797421455383301,0,141,0
anchor,0,7.96,2,0.0,,,
anchor,2,8.028,0,2.448,,,
ios,2,8.048,,2.456865072250366,0,141,0
anchor,1,8.141,0,5.825,,,
anchor,0,8.141,5,0.0,,,
ios,1,8.145,,5.8125762939453125,0,141,0
anchor,2,8.19,0,2.485,,,
ios,2,8.197,,2.475054979324341,0,141,0
anchor,0,8.321,2,0.0,,,
anchor,1,8.338,0,5.811,,,
anchor,2,8.342,2,0.0,,,
ios,1,8.375,,5.807727813720703,0,141,0
anchor,0,8.502,2,0.0,,,
anchor,2,8.505,2,0.0,,,
anchor,1,8.527,2,0.0,,,
anchor,2,8.667,2,0.0,,,
anchor,0,8.69,0,5.21,,,
ios,0,8.708,,5.207695007324219,0,141,0
anchor,1,8.735,0,5.834,,,
anchor,2,8.838,0,2.415,,,
anchor,0,8.87,0,5.178,,,
anchor,1,8.933,0,5.83,,,
anchor,2,9.0,3,0.0,,,
ios,1,9.039,,5.8226118087768555,0,141,0
ios,2,9.039,,2.4242026805877686,0,141,0
ios,0,9.039,,5.1860857009887695,0,141,0
ios,1,9.039,,5.824068069458008,80,126,1
ios,2,9.039,,2.3849432468414307,0,141,0
anchor,0,9.05,0,5.164,,,
ios,0,9.067,,5.168353080749512,0,141,0
anchor,1,9.131,0,5.816,,,
ios,1,9.156,,5.809678077697754,80,126,1
anchor,2,9.162,3,0.0,,,
anchor,0,9.23,0,5.196,,,
ios,2,9.233,,2.410327911376953,0,141,0
anchor,1,9.32,2,0.0,,,
anchor,2,9.324,0,2.396,,,
ios,0,9.338,,5.182377338409424,0,141,0
ios,2,9.394,,2.4002814292907715,0,141,0
anchor,0,9.41,0,5.201,,,
anchor,2,9.486,0,2.378,,,
anchor,1,9.527,0,5.867,,,
anchor,0,9.59,0,5.262,,,
anchor,2,9.648,0,2.396,,,
anchor,1,9.725,0,5.834,,,
anchor,0,9.77,0,5.21,,,
ios,0,9.805,,5.192603588104248,0,141,0
ios,2,9.805,,2.386061191558838,0,141,0
ios,1,9.805,,5.849236488342285,80,126,0
ios,0,9.805,,5.233797073364258,0,141,0
ios,2,9.805,,2.3916306495666504,0,141,0
ios,1,9.805,,5.834667205810547,80,126,0
ios,0,9.805,,5.215993404388428,0,141,0
anchor,2,9.81,0,2.457,,,
ios,2,9.813,,2.43074369430542,0,141,0
anchor,1,9.922,0,5.83,,,
ios,1,9.932,,5.825267314910889,84,135,1
anchor,0,9.949,0,5.234,,,
ios,0,9.961,,5.223515033721924,0,141,0
anchor,2,9.972,0,2.424,,,
ios,2,9.979,,2.4266371726989746,0,141,0
anchor,1,10.121,0,5.83,,,
anchor,0,10.121,5,0.0,,,
anchor,2,10.124,2,0.0,,,
ios,1,10.135,,5.8264665603637695,82,134,1
anchor,2,10.296,0,2.354,,,
anchor,0,10.301,2,0.0,,,
anchor,1,10.319,0,5.844,,,
anchor,2,10.459,0,2.424,,,
anchor,0,10.49,0,5.22,,,
anchor,1,10.517,0,5.848,,,
ios,2,10.599,,2.3749935626983643,0,141,0
ios,1,10.599,,5.840256690979004,82,134,1
ios,2,10.599,,2.405608654022217,0,141,0
ios,0,10.599,,5.216850280761719,0,141,0
ios,1,10.599,,5.8417558670043945,82,132,1
anchor,2,10.62,3,0.0,,,
ios,2,10.631,,2.381498098373413,0,141,0
anchor,0,10.67,0,5.22,,,
ios,0,10.691,,5.217138290405273,0,141,0
anchor,1,10.715,0,5.848,,,
ios,1,10.725,,5.841455936431885,82,132,1
anchor,2,10.782,3,0.0,,,
ios,2,10.794,,2.3992018699645996,0,141,0
anchor,0,10.85,0,5.196,,,
ios,0,10.866,,5.199947357177734,0,141,0
anchor,3,10.893,2,0.0,,,
anchor,1,10.913,0,5.858,,,
ios,1,10.937,,5.8519487380981445,79,130,1
anchor,2,10.944,3,0.0,,,
ios,2,10.95,,2.4183757305145264,0,141,0
anchor,0,11.03,0,5.239,,,
ios,0,11.035,,5.222118854522705,0,141,0
anchor,3,11.092,5,0.0,,,
anchor,1,11.102,2,0.0,,,
anchor,2,11.105,2,0.0,,,
anchor,0,11.201,2,0.0,,,
anchor,2,11.259,2,0.0,,,
anchor,3,11.299,0,3.921,,,
anchor,1,11.301,2,0.0,,,
ios,3,11.309,,3.917088270187378,0,141,0
anchor,0,11.39,0,5.225,,,
ios,0,11.409,,5.220312118530273,0,141,0
anchor,2,11.43,3,0.0,,,
ios,2,11.437,,2.442193031311035,0,141,0
anchor,3,11.496,2,0.0,,,
anchor,1,11.507,0,5.825,,,
ios,1,11.52,,5.821969509124756,73,128,1
anchor,0,11.57,0,5.164,,,
anchor,2,11.592,3,0.0,,,
ios,0,11.597,,5.180853843688965,0,141,0
ios,2,11.672,,2.520350456237793,0,141,0
anchor,3,11.693,0,3.658,,,
anchor,1,11.695,2,0.0,,,
anchor,2,11.745,2,0.0,,,
anchor,0,11.75,0,5.112,,,
ios,3,11.759,,3.715484380722046,0,141,0
ios,0,11.759,,5.135113716125488,0,141,0
anchor,3,11.892,2,0.0,,,
anchor,1,11.903,0,5.745,,,
anchor,2,11.906,2,0.0,,,
ios,1,11.922,,5.74192476272583,33,109,1
anchor,0,11.93,0,5.051,,,
ios,0,12.06,,5.077917098999023,0,141,0
anchor,2,12.078,3,0.0,,,
anchor,3,12.081,2,0.0,,,
anchor,1,12.091,2,0.0,,,
anchor,0,12.11,0,5.018,,,
ios,0,12.12,,5.015827655792236,72,44,1
anchor,2,12.239,3,0.0,,,
anchor,0,12.28,2,0.0,,,
anchor,3,12.287,0,3.667,,,
anchor,1,12.288,2,0.0,,,
ios,3,12.319,,3.674412250518799,0,141,0
anchor,2,12.401,3,0.0,,,
anchor,0,12.47,0,5.046,,,
ios,0,12.487,,5.04276180267334,72,44,0
anchor,3,12.487,2,0.0,,,
anchor,1,12.489,2,0.0,,,
anchor,2,12.564,0,2.645,,,
ios,2,12.574,,2.6286473274230957,0,141,0
anchor,0,12.65,0,5.042,,,
ios,0,12.659,,5.039863586425781,72,44,0
anchor,3,12.685,0,3.677,,,
anchor,1,12.686,2,0.0,,,
anchor,2,12.726,3,0.0,,,
ios,3,12.729,,3.674062728881836,0,141,0
anchor,0,12.83,0,5.046,,,
ios,0,12.842,,5.041609764099121,76,53,1
anchor,3,12.872,5,0.0,,,
anchor,2,12.878,2,0.0,,,
anchor,1,12.892,0,5.74,,,
ios,1,12.914,,5.737428188323975,11,93,1
anchor,0,13.01,0,5.056,,,
ios,0,13.018,,5.046548843383789,76,53,0
anchor,2,13.05,3,0.0,,,
anchor,3,13.081,0,3.714,,,
anchor,1,13.082,2,0.0,,,
ios,3,13.089,,3.7042253017425537,0,141,0
anchor,0,13.19,0,4.995,,,
ios,0,13.199,,5.011258602142334,76,53,0
anchor,2,13.212,3,0.0,,,
anchor,3,13.279,2,0.0,,,
anchor,1,13.289,0,5.656,,,
ios,1,13.319,,5.650787830352783,-4,100,1
anchor,2,13.365,2,0.0,,,
anchor,0,13.369,0,4.859,,,
ios,0,13.406,,4.910301685333252,76,53,0
anchor,3,13.477,0,3.85,,,
anchor,1,13.478,2,0.0,,,
ios,3,13.485,,3.8151047229766846,0,141,0
anchor,2,13.536,2,0.0,,,
anchor,0,13.55,0,4.709,,,
ios,0,13.561,,4.778883457183838,76,53,0
anchor,3,13.674,2,0.0,,,
anchor,1,13.685,0,5.59,,,
anchor,2,13.689,2,0.0,,,
ios,1,13.693,,5.58633279800415,-35,120,1
anchor,0,13.73,0,4.554,,,
ios,0,13.739,,4.634144306182861,76,53,0
anchor,2,13.86,3,0.0,,,
anchor,3,13.863,2,0.0,,,
anchor,1,13.883,0,5.558,,,
ios,1,13.89,,5.553355693817139,-33,128,1
anchor,0,13.91,0,4.455,,,
ios,0,13.951,,4.450418949127197,40,132,1
anchor,2,14.022,2,0.0,,,
anchor,3,14.071,0,4.108,,,
anchor,1,14.072,2,0.0,,,
ios,3,14.083,,4.051868438720703,0,141,0
anchor,0,14.09,0,4.301,,,
ios,0,14.116,,4.296925067901611,28,133,1
anchor,2,14.184,3,0.0,,,
anchor,0,14.261,2,0.0,,,
anchor,3,14.268,2,0.0,,,
anchor,1,14.279,0,5.473,,,
ios,1,14.295,,5.467914581298828,-36,139,1
anchor,2,14.346,0,2.879,,,
ios,2,14.364,,2.858283758163452,0,141,0
anchor,0,14.451,0,4.043,,,
ios,0,14.458,,4.041501998901367,27,141,1
anchor,3,14.467,0,4.197,,,
anchor,1,14.468,2,0.0,,,
anchor,2,14.508,3,0.0,,,
ios,3,14.522,,4.159811496734619,0,141,0
ios,2,14.522,,2.9151713848114014,0,141,0
anchor,0,14.63,0,3.883,,,
ios,0,14.635,,3.9680657386779785,27,141,0
anchor,3,14.655,5,0.0,,,
anchor,2,14.661,2,0.0,,,
anchor,1,14.675,0,5.239,,,
anchor,0,14.81,0,3.724,,,
anchor,2,14.832,0,3.175,,,
anchor,3,14.863,3,0.0,,,
anchor,1,14.864,2,0.0,,,
anchor,2,14.985,2,0.0,,,
anchor,0,14.99,0,3.602,,,
anchor,3,15.06,2,0.0,,,
anchor,1,15.07,0,5.056,,,
anchor,2,15.156,2,0.0,,,
anchor,0,15.161,2,0.0,,,
anchor,3,15.259,2,0.0,,,
anchor,1,15.26,2,0.0,,,
anchor,2,15.319,2,0.0,,,
anchor,0,15.35,0,3.287,,,
anchor,3,15.447,2,0.0,,,
anchor,1,15.467,0,4.901,,,
anchor,2,15.471,2,0.0,,,
anchor,0,15.53,0,3.133,,,
anchor,2,15.633,2,0.0,,,
anchor,3,15.645,2,0.0,,,
anchor,1,15.665,0,4.826,,,
anchor,0,15.71,0,3.02,,,
anchor,2,15.794,2,0.0,,,
anchor,3,15.843,2,0.0,,,
anchor,1,15.863,0,4.727,,,
anchor,0,15.889,0,2.893,,,
anchor,2,15.957,2,0.0,,,
anchor,3,16.041,2,0.0,,,
anchor,0,16.061,5,0.0,,,
anchor,1,16.061,0,4.657,,,
anchor,2,16.119,2,0.0,,,
anchor,0,16.24,2,0.0,,,
anchor,3,16.247,2,0.0,,,
anchor,1,16.249,2,0.0,,,
anchor,2,16.281,2,0.0,,,
anchor,0,16.43,0,2.476,,,
anchor,3,16.436,5,0.0,,,
anchor,2,16.443,2,0.0,,,
anchor,1,16.456,0,4.554,,,
anchor,0,16.601,2,0.0,,,
anchor,2,16.604,2,0.0,,,
anchor,3,16.645,0,5.342,,,
anchor,1,16.646,2,0.0,,,
ios,1,16.681,,5.236175060272217,-50,133,1
ios,0,16.681,,3.8105831146240234,27,141,0
ios,2,16.681,,3.1019303798675537,0,141,0
ios,3,16.681,,4.273537635803223,0,141,0
ios,0,16.681,,3.6747677326202393,27,141,0
ios,1,16.682,,5.052701950073242,-69,137,1
ios,2,16.682,,3.2726070880889893,0,141,0
ios,3,16.684,,4.562860488891602,0,141,0
ios,2,16.684,,3.378736734390259,0,141,0
anchor,2,16.767,2,0.0,,,
anchor,0,16.79,0,2.293,,,
ios,1,16.813,,4.895310878753662,-75,139,1
anchor,3,16.842,2,0.0,,,
anchor,1,16.853,0,4.319,,,
ios,0,16.888,,3.2409322261810303,27,141,0
ios,1,16.888,,4.820662498474121,-71,141,1
ios,0,16.889,,3.094209909439087,27,141,0
ios,1,16.889,,4.72562837600708,-75,137,1
ios,0,16.889,,2.9652938842773438,27,141,0
ios,1,16.89,,4.653378486633301,-79,135,1
ios,3,16.89,,5.100127696990967,0,141,0
ios,1,16.89,,4.551149368286133,-71,124,1
ios,3,16.89,,5.281540393829346,0,141,0
ios,0,16.896,,2.3835599422454834,27,141,0
anchor,2,16.937,3,0.0,,,
anchor,0,16.97,0,2.354,,,
ios,1,16.98,,4.3143134117126465,-35,117,1
anchor,3,17.04,0,5.332,,,
anchor,1,17.042,2,0.0,,,
ios,2,17.05,,3.378736734390259,0,141,0
ios,0,17.05,,2.3630776405334473,27,141,0
ios,3,17.05,,5.318363189697266,0,141,0
anchor,2,17.1,3,0.0,,,
anchor,0,17.15,0,2.49,,,
ios,2,17.159,,4.435321807861328,0,141,0
ios,0,17.212,,2.443598747253418,27,141,0
anchor,3,17.237,2,0.0,,,
anchor,1,17.248,0,4.193,,,
anchor,2,17.253,2,0.0,,,
ios,1,17.263,,4.1913981437683105,27,126,1
anchor,0,17.33,0,2.551,,,
ios,0,17.344,,2.5123283863067627,27,141,0
anchor,2,17.424,3,0.0,,,
anchor,3,17.427,2,0.0,,,
ios,2,17.433,,4.457114219665527,0,141,0
anchor,1,17.447,0,4.132,,,
ios,1,17.465,,4.129341125488281,44,132,1
anchor,0,17.51,0,2.542,,,
ios,0,17.539,,2.5316076278686523,27,141,0
anchor,2,17.586,3,0.0,,,
ios,2,17.595,,4.540194988250732,0,141,0
anchor,3,17.635,0,6.308,,,
anchor,1,17.636,2,0.0,,,
ios,3,17.665,,6.124065399169922,0,141,0
anchor,0,17.691,0,2.621,,,
ios,0,17.702,,2.587172269821167,27,141,0
anchor,2,17.748,3,0.0,,,
ios,2,17.753,,4.5748291015625,0,141,0
anchor,3,17.832,2,0.0,,,
anchor,1,17.85,0,3.869,,,
ios,1,17.85,,3.9398090839385986,44,132,0
anchor,0,17.869,0,2.701,,,
ios,0,17.877,,2.660269260406494,27,141,0
anchor,2,17.91,3,0.0,,,
ios,2,17.956,,4.552694320678711,0,141,0
anchor,3,18.031,0,5.905,,,
anchor,1,18.032,2,0.0,,,
anchor,0,18.05,0,2.776,,,
ios,3,18.054,,5.952365875244141,0,141,0
anchor,2,18.072,3,0.0,,,
ios,0,18.16,,2.732443332672119,27,141,0
ios,2,18.16,,4.695462226867676,0,141,0
anchor,3,18.22,5,0.0,,,
anchor,0,18.221,2,0.0,,,
anchor,2,18.224,2,0.0,,,
anchor,1,18.239,0,3.616,,,
ios,1,18.257,,3.6893551349639893,44,132,0
anchor,2,18.396,3,0.0,,,
anchor,0,18.4,2,0.0,,,
anchor,3,18.426,0,4.704,,,
anchor,1,18.427,2,0.0,,,
ios,2,18.445,,4.745198726654053,0,141,0
ios,3,18.52,,5.952365875244141,0,141,0
anchor,2,18.558,2,0.0,,,
anchor,0,18.59,0,3.025,,,
ios,2,18.61,,4.816890239715576,0,141,0
ios,0,18.61,,2.9648852348327637,27,141,0
anchor,3,18.624,2,0.0,,,
anchor,1,18.635,0,3.316,,,
ios,1,18.68,,3.314805269241333,38,136,1
anchor,2,18.72,0,4.981,,,
ios,2,18.727,,4.916801452636719,0,141,0
anchor,0,18.77,0,3.062,,,
ios,0,18.778,,3.0294487476348877,27,141,0
anchor,3,18.822,0,4.235,,,
anchor,1,18.824,2,0.0,,,
ios,3,18.841,,4.23306941986084,0,141,0
anchor,2,18.882,3,0.0,,,
ios,2,18.894,,4.978986740112305,0,141,0
anchor,0,18.949,3,0.0,,,
ios,0,18.977,,3.1496589183807373,27,141,0
anchor,3,19.02,2,0.0,,,
anchor,1,19.03,0,3.086,,,
anchor,2,19.035,2,0.0,,,
ios,1,19.047,,3.083665132522583,43,138,1
anchor,0,19.13,0,3.841,,,
anchor,2,19.206,0,5.145,,,
anchor,3,19.21,2,0.0,,,
ios,2,19.212,,5.095788955688477,0,141,0
anchor,1,19.229,0,2.997,,,
ios,1,19.248,,2.9940273761749268,63,134,1
anchor,0,19.31,0,3.414,,,
ios,0,19.314,,3.3460843563079834,27,141,0
anchor,2,19.367,0,5.201,,,
ios,2,19.374,,5.159784317016602,0,141,0
anchor,3,19.416,0,3.953,,,
anchor,1,19.418,2,0.0,,,
ios,3,19.445,,4.000843524932861,0,141,0
anchor,0,19.49,0,5.14,,,
anchor,2,19.53,3,0.0,,,
ios,2,19.577,,5.148929595947266,0,141,0
anchor,3,19.614,2,0.0,,,
anchor,1,19.626,0,2.893,,,
ios,1,19.665,,2.9308905601501465,63,134,0
anchor,0,19.67,0,7.124,,,
anchor,2,19.692,0,5.229,,,
ios,2,19.74,,5.196551322937012,0,141,0
anchor,3,19.813,0,3.747,,,
anchor,1,19.814,2,0.0,,,
anchor,2,19.845,2,0.0,,,
anchor,0,19.85,0,7.284,,,
anchor,3,20.0,5,0.0,,,
anchor,1,20.011,2,0.0,,,
anchor,2,20.016,0,5.168,,,
anchor,0,20.021,2,0.0,,,
ios,3,20.134,,3.8047358989715576,0,141,0
ios,2,20.134,,5.1724395751953125,0,141,0
anchor,2,20.178,0,5.089,,,
ios,2,20.194,,5.116413593292236,0,141,0
anchor,0,20.201,2,0.0,,,
anchor,3,20.208,0,3.466,,,
anchor,1,20.209,2,0.0,,,
ios,3,20.227,,3.544623374938965,0,141,0
anchor,2,20.34,0,5.004,,,
ios,2,20.349,,5.045055866241455,0,141,0
anchor,0,20.39,0,3.935,,,
anchor,3,20.406,2,0.0,,,
anchor,1,20.417,0,3.147,,,
ios,0,20.422,,3.862550735473633,27,141,0
ios,1,20.472,,3.112678050994873,63,134,0
anchor,2,20.502,0,4.92,,,
ios,2,20.506,,4.963678359985352,0,141,0
anchor,0,20.57,0,3.921,,,
anchor,3,20.605,0,3.386,,,
anchor,1,20.606,2,0.0,,,
ios,0,20.608,,3.9007537364959717,27,141,0
ios,3,20.633,,3.422391176223755,0,141,0
anchor,2,20.664,0,4.793,,,
ios,2,20.715,,4.855830192565918,0,141,0
anchor,0,20.75,3,0.0,,,
ios,0,20.769,,3.9454920291900635,27,141,0
anchor,3,20.802,2,0.0,,,
anchor,1,20.813,0,3.517,,,
anchor,2,20.817,2,0.0,,,
ios,1,20.819,,3.420895576477051,63,134,0
anchor,0,20.93,0,4.014,,,
ios,0,20.935,,3.986701011657715,27,141,0
anchor,2,20.988,0,4.488,,,
anchor,3,20.99,2,0.0,,,
ios,2,21.009,,4.586438179016113,0,141,0
anchor,1,21.011,0,4.676,,,
ios,1,21.04,,3.420895576477051,63,134,0
anchor,0,21.11,3,0.0,,,
ios,0,21.125,,4.000053882598877,27,141,0
anchor,2,21.15,0,4.394,,,
ios,2,21.171,,4.461463451385498,0,141,0
anchor,3,21.199,0,3.362,,,
anchor,1,21.2,2,0.0,,,
ios,3,21.219,,3.3724329471588135,0,141,0
anchor,0,21.29,0,4.052,,,
ios,0,21.3,,4.0309014320373535,27,141,0
anchor,2,21.312,0,4.296,,,
ios,2,21.376,,4.35684061050415,0,141,0
anchor,3,21.396,2,0.0,,,
anchor,1,21.407,0,5.919,,,
ios,1,21.451,,3.420895576477051,63,134,0
anchor,2,21.465,2,0.0,,,
anchor,0,21.469,2,0.0,,,
ios,0,21.529,,4.04990816116333,27,141,0
anchor,3,21.595,0,3.33,,,
anchor,1,21.596,2,0.0,,,
ios,3,21.609,,3.339498281478882,0,141,0
anchor,2,21.636,0,3.977,,,
anchor,0,21.641,2,0.0,,,
ios,2,21.646,,4.07769775390625,0,141,0
anchor,2,21.789,5,0.0,,,
anchor,3,21.792,2,0.0,,,
anchor,1,21.803,0,5.68,,,
ios,1,21.81,,3.420895576477051,63,134,0
anchor,0,21.83,3,0.0,,,
ios,0,21.862,,4.16725492477417,27,141,0
anchor,2,21.96,0,3.672,,,
anchor,3,21.991,0,3.391,,,
anchor,1,21.992,2,0.0,,,
ios,3,22.004,,3.3776769638061523,0,141,0
anchor,0,22.01,3,0.0,,,
ios,0,22.022,,4.256980895996094,27,141,0
anchor,2,22.122,0,3.545,,,
anchor,0,22.181,2,0.0,,,
ios,2,22.183,,3.6542654037475586,0,141,0
anchor,3,22.188,2,0.0,,,
anchor,1,22.199,0,5.431,,,
ios,1,22.202,,3.420895576477051,63,134,0
anchor,2,22.284,0,3.381,,,
anchor,0,22.369,0,4.432,,,
anchor,3,22.387,0,3.48,,,
anchor,1,22.388,2,0.0,,,
ios,0,22.39,,4.429133892059326,-82,33,1
ios,3,22.43,,3.454939603805542,0,141,0
anchor,2,22.446,0,3.231,,,
anchor,0,22.55,0,4.465,,,
ios,0,22.557,,4.434256076812744,-82,33,0
anchor,3,22.584,2,0.0,,,
anchor,1,22.595,0,6.543,,,
anchor,2,22.599,2,0.0,,,
ios,1,22.634,,3.420895576477051,63,134,0
anchor,0,22.73,0,4.479,,,
ios,0,22.743,,4.459367275238037,-82,33,0
anchor,2,22.77,0,2.898,,,
anchor,3,22.773,2,0.0,,,
anchor,1,22.793,0,8.921,,,
ios,1,22.812,,3.420895576477051,63,134,0
anchor,0,22.909,0,4.559,,,
ios,0,22.92,,4.521780014038086,-82,33,0
anchor,2,22.931,0,2.729,,,
anchor,3,22.98,0,3.785,,,
anchor,1,22.981,2,0.0,,,
ios,2,22.997,,2.861731767654419,0,141,0
ios,3,23.004,,3.7827811241149902,70,-13,1
anchor,2,23.085,2,0.0,,,
anchor,0,23.09,3,0.0,,,
ios,0,23.102,,4.531338214874268,-82,33,0
anchor,3,23.178,2,0.0,,,
anchor,1,23.189,0,8.569,,,
ios,1,23.219,,3.420895576477051,63,134,0
anchor,2,23.256,0,2.485,,,
anchor,0,23.261,2,0.0,,,
ios,2,23.277,,2.485579252243042,41,135,1
anchor,3,23.377,0,6.65,,,
anchor,1,23.378,2,0.0,,,
ios,3,23.387,,6.642501354217529,58,-72,1
anchor,2,23.418,0,2.415,,,
anchor,0,23.451,0,4.699,,,
ios,2,23.461,,2.413029432296753,36,140,1
ios,0,23.49,,4.654057025909424,-82,33,0
anchor,2,23.57,5,0.0,,,
anchor,3,23.574,2,0.0,,,
anchor,1,23.585,0,5.769,,,
ios,1,23.597,,5.64138650894165,63,134,0
anchor,0,23.63,0,4.713,,,
ios,0,23.649,,4.690127849578857,-82,33,0
anchor,2,23.742,0,2.326,,,
ios,2,23.762,,2.3245906829833984,45,129,1
anchor,3,23.773,3,0.0,,,
anchor,1,23.774,2,0.0,,,
anchor,0,23.81,0,4.685,,,
ios,3,23.815,,3.7229182720184326,58,-72,0
ios,0,23.905,,4.683494567871094,-82,33,0
anchor,2,23.905,0,2.373,,,
anchor,3,23.961,2,0.0,,,
ios,2,23.973,,2.3728573322296143,65,125,1
anchor,0,23.98,5,0.0,,,
anchor,1,23.98,0,5.698,,,
ios,1,24.002,,5.682071208953857,63,134,0
anchor,2,24.066,0,2.453,,,
ios,2,24.071,,2.42128586769104,65,125,0
anchor,3,24.159,2,0.0,,,
anchor,1,24.169,5,0.0,,,
anchor,0,24.17,0,4.685,,,
anchor,2,24.228,0,2.56,,,
anchor,0,24.35,2,0.0,,,
anchor,3,24.366,3,0.0,,,
anchor,1,24.367,2,0.0,,,
anchor,2,24.39,0,2.659,,,
ios,0,24.398,,4.681611061096191,-82,33,0
ios,2,24.398,,2.508237361907959,65,125,0
ios,3,24.398,,4.126084804534912,58,-72,0
ios,2,24.398,,2.6023964881896973,65,125,0
anchor,0,24.53,0,4.343,,,
ios,0,24.537,,4.426525592803955,-82,33,0
anchor,2,24.552,0,2.734,,,
anchor,3,24.554,2,0.0,,,
ios,2,24.565,,2.683706283569336,65,125,0
anchor,1,24.575,0,5.473,,,
ios,1,24.663,,5.5059685707092285,63,134,0
anchor,2,24.705,2,0.0,,,
anchor,0,24.71,0,4.24,,,
ios,0,24.72,,4.302910804748535,-82,33,0
anchor,3,24.763,2,0.0,,,
anchor,1,24.764,2,0.0,,,
ios,3,24.809,,4.165616035461426,-33,-75,1
anchor,2,24.876,0,2.964,,,
anchor,0,24.881,2,0.0,,,
ios,2,24.882,,2.8853986263275146,65,125,0
anchor,3,24.96,2,0.0,,,
anchor,1,24.971,0,5.323,,,
ios,1,24.976,,5.361802577972412,63,134,0
anchor,2,25.028,2,0.0,,,
anchor,0,25.07,0,3.841,,,
ios,0,25.075,,3.9559872150421143,-82,33,0
anchor,3,25.149,2,0.0,,,
anchor,1,25.169,0,5.192,,,
ios,1,25.178,,5.246785640716553,63,134,0
anchor,2,25.2,2,0.0,,,
ios,2,25.223,,3.1330482959747314,65,125,0
anchor,0,25.249,0,3.658,,,
ios,0,25.276,,3.7607474327087402,-82,33,0
anchor,3,25.347,5,0.0,,,
anchor,2,25.353,2,0.0,,,
anchor,1,25.367,0,5.06,,,
ios,1,25.378,,5.122272491455078,63,134,0
anchor,0,25.43,0,3.508,,,
anchor,2,25.514,2,0.0,,,
anchor,3,25.545,2,0.0,,,
anchor,1,25.564,0,4.901,,,
ios,1,25.574,,4.975327014923096,63,134,0
anchor,0,25.61,0,3.297,,,
anchor,2,25.686,2,0.0,,,
anchor,3,25.743,2,0.0,,,
anchor,1,25.763,0,4.831,,,
ios,1,25.768,,4.877283573150635,63,134,0
anchor,0,25.79,0,3.109,,,
anchor,2,25.838,2,0.0,,,
anchor,3,25.941,2,0.0,,,
anchor,0,25.961,5,0.0,,,
anchor,1,25.961,0,4.784,,,
ios,1,25.972,,4.8147478103637695,63,134,0
anchor,2,26.001,2,0.0,,,
anchor,3,26.14,2,0.0,,,
anchor,0,26.141,2,0.0,,,
anchor,1,26.159,2,0.0,,,
anchor,2,26.163,2,0.0,,,
anchor,2,26.325,2,0.0,,,
anchor,0,26.33,0,2.753,,,
anchor,3,26.345,3,0.0,,,
anchor,1,26.347,2,0.0,,,
ios,3,26.38,,4.996208190917969,-33,-75,0
anchor,2,26.487,2,0.0,,,
anchor,0,26.51,0,2.696,,,
ios,0,26.515,,2.808873176574707,-82,33,0
anchor,3,26.535,2,0.0,,,
anchor,1,26.555,0,4.596,,,
ios,1,26.569,,4.6353936195373535,63,134,0
anchor,2,26.658,3,0.0,,,
anchor,0,26.69,0,2.504,,,
anchor,3,26.743,0,5.248,,,
anchor,1,26.744,2,0.0,,,
ios,3,26.748,,5.185903072357178,-33,-75,0
anchor,2,26.811,2,0.0,,,
anchor,0,26.87,0,2.434,,,
ios,0,26.882,,2.5253615379333496,-82,33,0
anchor,3,26.94,2,0.0,,,
anchor,1,26.95,0,4.268,,,
ios,1,26.969,,4.351479530334473,63,134,0
anchor,2,26.982,3,0.0,,,
ios,2,26.996,,3.1330482959747314,65,125,0
anchor,0,27.05,0,2.551,,,
ios,0,27.067,,2.5420663356781006,-82,33,0
anchor,3,27.129,5,0.0,,,
anchor,2,27.135,2,0.0,,,
anchor,1,27.149,0,4.24,,,
ios,1,27.162,,4.273683071136475,63,134,0
anchor,0,27.23,0,2.682,,,
ios,0,27.245,,2.6308279037475586,-82,33,0
anchor,2,27.306,0,4.432,,,
ios,2,27.324,,4.342123031616211,65,125,0
anchor,3,27.336,0,5.586,,,
anchor,1,27.338,2,0.0,,,
anchor,0,27.41,0,2.715,,,
anchor,2,27.468,3,0.0,,,
ios,3,27.52,,5.507440090179443,-33,-75,0
ios,0,27.52,,2.6827852725982666,-82,33,0
anchor,3,27.534,2,0.0,,,
anchor,1,27.545,0,4.052,,,
ios,2,27.558,,4.425530910491943,65,125,0
anchor,0,27.59,0,2.687,,,
anchor,2,27.63,0,4.512,,,
ios,1,27.638,,4.10301399230957,63,134,0
ios,0,27.639,,2.685500144958496,-82,33,0
ios,2,27.639,,4.477696895599365,65,125,0
anchor,3,27.733,0,6.022,,,
anchor,1,27.734,2,0.0,,,
ios,3,27.751,,5.897479057312012,-33,-75,0
anchor,0,27.77,0,2.861,,,
anchor,2,27.792,0,4.577,,,
ios,0,27.801,,2.796285390853882,-82,33,0
ios,2,27.801,,4.537085056304932,65,125,0
anchor,3,27.93,2,0.0,,,
anchor,0,27.94,5,0.0,,,
anchor,1,27.94,0,3.705,,,
anchor,2,27.944,2,0.0,,,
anchor,2,28.116,3,0.0,,,
anchor,3,28.12,2,0.0,,,
anchor,0,28.121,2,0.0,,,
ios,2,28.135,,4.700675964355469,65,125,0
anchor,1,28.139,0,3.559,,,
anchor,2,28.269,2,0.0,,,
anchor,0,28.31,0,5.539,,,
anchor,3,28.327,0,4.305,,,
anchor,1,28.328,2,0.0,,,
ios,3,28.333,,5.897479057312012,-33,-75,0
anchor,2,28.44,3,0.0,,,
anchor,0,28.49,0,7.95,,,
ios,2,28.496,,4.82825231552124,65,125,0
anchor,3,28.524,2,0.0,,,
anchor,1,28.535,0,3.33,,,
ios,1,28.556,,3.423959732055664,63,134,0
anchor,2,28.602,3,0.0,,,
ios,2,28.619,,4.898528575897217,65,125,0
anchor,0,28.67,3,0.0,,,
anchor,3,28.724,0,4.099,,,
anchor,1,28.727,2,0.0,,,
ios,3,28.748,,4.095464706420898,-33,-75,0
anchor,2,28.764,0,4.99,,,
ios,2,28.779,,4.953435897827148,65,125,0
anchor,0,28.85,0,7.57,,,
anchor,3,28.911,5,0.0,,,
anchor,2,28.917,2,0.0,,,
anchor,1,28.93,0,3.133,,,
ios,1,28.95,,3.131632089614868,60,121,1
anchor,0,29.03,0,7.509,,,
anchor,2,29.088,0,5.103,,,
ios,2,29.11,,5.057690620422363,65,125,0
anchor,3,29.119,0,3.968,,,
anchor,1,29.119,2,0.0,,,
ios,3,29.139,,3.9944300651550293,-33,-75,0
anchor,0,29.21,0,7.035,,,
anchor,2,29.249,0,5.056,,,
ios,2,29.27,,5.053001403808594,65,125,0
anchor,3,29.316,2,0.0,,,
anchor,1,29.326,0,3.011,,,
ios,1,29.349,,3.0548813343048096,60,121,0
anchor,0,29.39,3,0.0,,,
ios,0,29.394,,2.796285390853882,-82,33,0
anchor,2,29.412,0,5.107,,,
ios,2,29.429,,5.084901332855225,65,125,0
anchor,3,29.515,0,3.686,,,
anchor,1,29.515,2,0.0,,,
ios,3,29.55,,3.755755662918091,-33,-75,0
anchor,2,29.565,2,0.0,,,
anchor,0,29.57,0,5.468,,,
anchor,3,29.712,2,0.0,,,
anchor,1,29.722,0,3.142,,,
anchor,2,29.727,2,0.0,,,
anchor,0,29.75,0,4.038,,,
ios,1,29.806,,3.119025707244873,60,121,0
anchor,2,29.897,3,0.0,,,
anchor,3,29.9,2,0.0,,,
anchor,1,29.921,0,3.18,,,
anchor,0,29.921,5,0.0,,,
ios,2,29.965,,5.059612274169922,65,125,0
ios,1,30.002,,3.1582188606262207,60,121,0
anchor,2,30.06,0,4.985,,,
ios,2,30.083,,5.010478496551514,65,125,0
anchor,0,30.101,2,0.0,,,
anchor,3,30.108,0,3.639,,,
anchor,1,30.109,2,0.0,,,
ios,3,30.137,,3.657278537750244,-33,-75,0
anchor,2,30.222,0,4.873,,,
ios,2,30.235,,4.867130756378174,-39,126,1
anchor,0,30.289,0,3.756,,,
anchor,3,30.306,2,0.0,,,
anchor,1,30.316,0,3.297,,,
ios,1,30.322,,3.2624447345733643,60,121,0
anchor,2,30.384,0,4.812,,,
ios,2,30.396,,4.80987024307251,-10,130,1
anchor,0,30.47,0,3.794,,,
anchor,3,30.505,0,3.508,,,
anchor,1,30.506,2,0.0,,,
ios,3,30.535,,3.5066723823547363,76,138,1
anchor,2,30.546,0,4.685,,,
ios,2,30.55,,4.747434616088867,-10,130,0
anchor,0,30.65,0,3.775,,,
anchor,3,30.693,5,0.0,,,
anchor,2,30.699,2,0.0,,,
anchor,1,30.713,0,3.583,,,
ios,1,30.717,,3.5069148540496826,60,121,0
anchor,0,30.83,3,0.0,,,
anchor,2,30.87,0,4.446,,,
ios,2,30.884,,4.527550220489502,-10,130,0
anchor,3,30.9,0,3.592,,,
anchor,1,30.902,2,0.0,,,
ios,3,30.924,,3.589715003967285,84,135,1
anchor,0,31.01,2,0.0,,,
ios,0,31.029,,3.6687612533569336,-82,33,0
anchor,2,31.033,0,4.305,,,
ios,2,31.079,,4.301722049713135,17,-72,1
anchor,3,31.098,2,0.0,,,
anchor,1,31.109,0,5.154,,,
ios,1,31.141,,3.5069148540496826,60,121,0
anchor,2,31.185,2,0.0,,,
anchor,0,31.189,3,0.0,,,
ios,0,31.262,,3.839277982711792,-82,33,0
anchor,3,31.297,0,3.508,,,
anchor,1,31.298,2,0.0,,,
ios,3,31.32,,3.5215327739715576,84,135,0
anchor,2,31.356,0,4.029,,,
anchor,0,31.36,2,0.0,,,
ios,2,31.385,,4.027711868286133,24,-73,1
anchor,3,31.494,2,0.0,,,
anchor,1,31.504,0,5.234,,,
anchor,2,31.509,2,0.0,,,
ios,1,31.525,,3.5069148540496826,60,121,0
anchor,0,31.549,0,4.15,,,
ios,0,31.566,,4.069295406341553,-82,33,0
anchor,2,31.68,0,3.771,,,
anchor,3,31.682,2,0.0,,,
ios,2,31.699,,3.7704896926879883,36,-73,1
anchor,1,31.702,0,4.474,,,
ios,1,31.712,,4.348006248474121,60,121,0
anchor,0,31.73,0,4.179,,,
ios,0,31.793,,4.138113021850586,-82,33,0
anchor,2,31.842,0,3.592,,,
ios,2,31.885,,3.5885157585144043,46,-70,1
anchor,3,31.891,0,3.503,,,
anchor,1,31.892,2,0.0,,,
anchor,0,31.91,3,0.0,,,
ios,3,31.955,,3.5062003135681152,84,135,0
ios,0,31.956,,4.225341320037842,-82,33,0
anchor,2,32.004,0,3.414,,,
ios,2,32.054,,3.413137197494507,53,-67,1
anchor,0,32.081,2,0.0,,,
anchor,3,32.088,2,0.0,,,
anchor,1,32.099,0,7.659,,,
ios,1,32.117,,4.348006248474121,60,121,0
anchor,2,32.166,0,3.259,,,
ios,2,32.218,,3.2581443786621094,56,-60,1
anchor,0,32.27,0,5.018,,,
anchor,3,32.285,0,3.616,,,
anchor,1,32.287,2,0.0,,,
anchor,2,32.328,0,3.161,,,
ios,3,32.334,,3.5872745513916016,84,135,0
ios,2,32.368,,3.1601123809814453,51,-56,1
anchor,0,32.45,3,0.0,,,
anchor,3,32.475,5,0.0,,,
anchor,2,32.48,2,0.0,,,
ios,0,32.485,,4.39521598815918,-82,33,0
anchor,1,32.495,3,0.0,,,
ios,1,32.539,,4.348006248474121,60,121,0
anchor,0,32.629,3,0.0,,,
ios,0,32.641,,4.449900150299072,-82,33,0
anchor,2,32.652,0,2.908,,,
anchor,3,32.683,0,3.686,,,
anchor,1,32.684,2,0.0,,,
ios,2,32.699,,2.905588388442993,40,-58,1
ios,3,32.7,,3.66154146194458,84,135,0
anchor,2,32.805,2,0.0,,,
anchor,0,32.809,0,4.634,,,
ios,0,32.819,,4.566438674926758,-82,33,0
anchor,3,32.88,2,0.0,,,
anchor,1,32.89,0,7.467,,,
ios,1,32.909,,4.348006248474121,60,121,0
anchor,2,32.975,0,2.617,,,
anchor,0,32.979,2,0.0,,,
ios,2,32.989,,2.6180875301361084,27,-62,1
anchor,3,33.079,0,3.86,,,
anchor,1,33.08,2,0.0,,,
ios,3,33.088,,3.8109920024871826,84,135,0
anchor,2,33.138,0,2.485,,,
ios,2,33.152,,2.4870781898498535,38,-63,1
anchor,0,33.17,0,4.77,,,
ios,0,33.19,,4.713222980499268,-82,33,0
anchor,3,33.276,2,0.0,,,
anchor,1,33.287,0,9.849,,,
anchor,2,33.291,2,0.0,,,
ios,1,33.306,,4.348006248474121,60,121,0
anchor,0,33.35,3,0.0,,,
ios,0,33.356,,4.837873935699463,-82,33,0
anchor,2,33.462,0,2.223,,,
anchor,3,33.465,2,0.0,,,
ios,2,33.477,,2.2241601943969727,40,-68,1
anchor,1,33.485,0,6.88,,,
ios,1,33.52,,4.348006248474121,60,121,0
anchor,0,33.53,0,4.788,,,
ios,0,33.605,,4.80346155166626,-82,33,0
anchor,2,33.624,0,2.223,,,
ios,2,33.667,,2.220562696456909,38,-66,1
anchor,3,33.672,0,6.514,,,
anchor,1,33.673,2,0.0,,,
ios,3,33.677,,3.8109920024871826,84,135,0
anchor,0,33.71,0,4.835,,,
anchor,2,33.786,0,2.279,,,
ios,0,33.815,,4.821712493896484,-82,33,0
ios,2,33.815,,2.278122901916504,44,-77,1
anchor,3,33.861,2,0.0,,,
anchor,0,33.881,5,0.0,,,
anchor,1,33.881,0,5.844,,,
ios,1,33.886,,5.743338108062744,60,121,0
anchor,2,33.948,0,2.373,,,
ios,2,33.952,,2.3341751098632812,44,-77,0
anchor,3,34.059,2,0.0,,,
anchor,0,34.069,0,4.61,,,
anchor,1,34.069,5,0.0,,,
ios,0,34.086,,4.663268089294434,-82,33,0
anchor,2,34.11,0,2.528,,,
ios,2,34.121,,2.4529898166656494,44,-77,0
anchor,0,34.25,2,0.0,,,
anchor,3,34.256,5,0.0,,,
anchor,2,34.262,2,0.0,,,
anchor,1,34.276,0,5.595,,,
ios,1,34.285,,5.62540864944458,60,121,0
anchor,2,34.425,2,0.0,,,
anchor,0,34.429,0,4.404,,,
ios,0,34.437,,4.465976715087891,-82,33,0
anchor,3,34.464,3,0.0,,,
anchor,1,34.465,2,0.0,,,
ios,3,34.482,,4.0714335441589355,84,135,0
anchor,2,34.596,0,2.856,,,
anchor,0,34.6,2,0.0,,,
ios,2,34.619,,2.7688634395599365,44,-77,0
anchor,3,34.662,2,0.0,,,
anchor,1,34.672,0,5.379,,,
ios,1,34.691,,5.433469772338867,60,121,0
anchor,2,34.758,0,2.936,,,
ios,2,34.772,,2.875983238220215,44,-77,0
anchor,0,34.79,0,4.01,,,
ios,0,34.811,,4.121328830718994,-82,33,0
anchor,3,34.86,3,0.0,,,
anchor,1,34.862,2,0.0,,,
anchor,2,34.92,0,3.067,,,
anchor,0,34.97,0,3.817,,,
ios,3,34.971,,4.206568241119385,84,135,0
ios,2,34.974,,2.9946048259735107,44,-77,0
ios,0,34.977,,3.9218502044677734,-82,33,0
anchor,3,35.058,2,0.0,,,
anchor,1,35.069,0,5.229,,,
anchor,2,35.073,2,0.0,,,
ios,1,35.133,,5.275381088256836,60,121,0
anchor,0,35.15,0,3.691,,,
ios,0,35.213,,3.772235155105591,-82,33,0
anchor,2,35.235,2,0.0,,,
anchor,3,35.255,3,0.0,,,
anchor,1,35.256,2,0.0,,,
ios,3,35.275,,4.495905876159668,84,135,0
anchor,0,35.33,0,3.499,,,
anchor,2,35.397,2,0.0,,,
anchor,3,35.454,2,0.0,,,
anchor,1,35.464,0,5.046,,,
ios,1,35.476,,5.096298694610596,60,121,0
anchor,0,35.51,0,3.4,,,
anchor,2,35.559,2,0.0,,,
anchor,3,35.651,2,0.0,,,
anchor,1,35.653,2,0.0,,,
ios,3,35.658,,4.67441987991333,84,135,0
anchor,0,35.69,0,3.231,,,
ios,0,35.707,,3.338097095489502,-82,33,0
anchor,2,35.721,2,0.0,,,
anchor,3,35.841,2,0.0,,,
anchor,0,35.86,5,0.0,,,
anchor,1,35.86,0,4.774,,,
ios,1,35.873,,4.846972465515137,60,121,0
anchor,2,35.883,2,0.0,,,
anchor,3,36.04,5,0.0,,,
anchor,0,36.041,2,0.0,,,
anchor,2,36.045,2,0.0,,,
anchor,1,36.058,0,4.709,,,
ios,1,36.068,,4.751861572265625,60,121,0
anchor,2,36.207,2,0.0,,,
anchor,0,36.23,0,2.8,,,
anchor,3,36.237,5,0.0,,,
anchor,1,36.256,0,4.648,,,
ios,1,36.262,,4.680800914764404,60,121,0
anchor,2,36.369,2,0.0,,,
anchor,0,36.41,0,2.687,,,
anchor,3,36.444,2,0.0,,,
anchor,1,36.446,2,0.0,,,
ios,3,36.457,,5.175213813781738,84,135,0
anchor,2,36.531,2,0.0,,,
anchor,0,36.59,0,2.528,,,
ios,0,36.597,,2.634373188018799,-82,33,0
anchor,3,36.633,2,0.0,,,
anchor,1,36.653,0,4.502,,,
ios,1,36.657,,4.542547225952148,60,121,0
anchor,2,36.694,2,0.0,,,
anchor,0,36.77,0,2.265,,,
anchor,3,36.831,2,0.0,,,
anchor,1,36.85,2,0.0,,,
anchor,2,36.855,2,0.0,,,
anchor,0,36.95,0,2.227,,,
anchor,2,37.016,2,0.0,,,
anchor,3,37.038,3,0.0,,,
anchor,1,37.04,2,0.0,,,
ios,3,37.051,,5.344728469848633,84,135,0
anchor,0,37.13,0,2.293,,,
ios,0,37.146,,2.359205722808838,-82,33,0
anchor,2,37.179,2,0.0,,,
anchor,3,37.236,2,0.0,,,
anchor,1,37.246,0,4.202,,,
ios,1,37.26,,4.2604899406433105,60,121,0
anchor,0,37.31,0,2.495,,,
ios,0,37.332,,2.4494259357452393,-82,33,0
anchor,2,37.34,2,0.0,,,
anchor,3,37.434,0,5.009,,,
anchor,1,37.435,2,0.0,,,
ios,3,37.457,,5.082511901855469,84,135,0
anchor,0,37.49,0,2.603,,,
ios,0,37.501,,2.5457897186279297,-82,33,0
anchor,2,37.512,0,4.568,,,
ios,2,37.549,,4.475983619689941,44,-77,0
anchor,3,37.632,2,0.0,,,
anchor,1,37.642,0,3.916,,,
ios,1,37.66,,3.912891149520874,48,132,1
anchor,2,37.665,2,0.0,,,
anchor,0,37.669,0,2.776,,,
ios,0,37.737,,2.691666841506958,-82,33,0
anchor,3,37.821,5,0.0,,,
anchor,2,37.827,2,0.0,,,
anchor,0,37.841,5,0.0,,,
anchor,1,37.841,0,3.813,,,
ios,1,37.847,,3.8121609687805176,43,136,1
anchor,2,37.998,0,4.718,,,
anchor,0,38.02,2,0.0,,,
ios,2,38.028,,4.666167736053467,44,-77,0
anchor,3,38.028,0,5.483,,,
anchor,1,38.029,2,0.0,,,
ios,3,38.064,,5.40444278717041,84,135,0
anchor,2,38.159,3,0.0,,,
ios,2,38.185,,4.741376876831055,44,-77,0
anchor,0,38.21,0,3.048,,,
anchor,3,38.226,2,0.0,,,
ios,0,38.231,,2.974515676498413,-82,33,0
anchor,1,38.236,0,3.461,,,
ios,1,38.247,,3.557502031326294,43,136,0
anchor,2,38.322,3,0.0,,,
ios,2,38.327,,4.80895471572876,44,-77,0
anchor,0,38.39,0,3.198,,,
ios,0,38.4,,3.119561195373535,-82,33,0
anchor,3,38.415,2,0.0,,,
anchor,1,38.434,0,3.306,,,
anchor,2,38.484,0,4.943,,,
ios,2,38.529,,4.890275955200195,44,-77,0
anchor,0,38.57,0,4.695,,,
anchor,3,38.613,2,0.0,,,
anchor,1,38.633,0,3.212,,,
anchor,2,38.637,2,0.0,,,
ios,1,38.648,,3.2089784145355225,56,133,1
anchor,0,38.75,0,4.854,,,
anchor,2,38.808,3,0.0,,,
anchor,3,38.81,2,0.0,,,
anchor,1,38.831,0,3.095,,,
ios,1,38.844,,3.0941579341888428,57,133,1
anchor,0,38.93,0,8.677,,,
anchor,2,38.97,0,5.098,,,
ios,2,38.995,,5.051499366760254,44,-77,0
anchor,3,39.019,0,3.869,,,
anchor,1,39.02,2,0.0,,,
ios,3,39.059,,4.059091567993164,84,135,0
anchor,0,39.11,0,7.204,,,
anchor,2,39.132,3,0.0,,,
ios,2,39.142,,5.067105293273926,44,-77,0
anchor,3,39.216,2,0.0,,,
anchor,1,39.226,0,3.029,,,
ios,1,39.233,,3.061124563217163,57,133,0
anchor,2,39.285,2,0.0,,,
anchor,0,39.289,3,0.0,,,
anchor,3,39.414,0,3.696,,,
anchor,1,39.416,2,0.0,,,
ios,3,39.444,,3.775883674621582,84,135,0
anchor,2,39.456,0,5.079,,,
ios,2,39.459,,5.074291229248047,44,-77,0
anchor,0,39.461,2,0.0,,,
anchor,3,39.603,5,0.0,,,
anchor,2,39.609,2,0.0,,,
anchor,1,39.622,0,3.147,,,
anchor,0,39.65,0,3.696,,,
ios,1,39.661,,3.124823570251465,57,133,0
ios,0,39.692,,3.6324386596679688,-82,33,0
anchor,2,39.78,0,4.901,,,
ios,2,39.789,,4.943889617919922,44,-77,0
anchor,3,39.81,0,3.696,,,
anchor,1,39.812,2,0.0,,,
anchor,0,39.829,2,0.0,,,
ios,3,39.873,,3.7121758460998535,84,135,0
anchor,2,39.942,0,4.77,,,
ios,2,39.951,,4.832180023193359,44,-77,0
anchor,3,40.0,2,0.0,,,
anchor,0,40.001,2,0.0,,,
anchor,1,40.019,0,4.676,,,
anchor,2,40.104,0,4.671,,,
anchor,0,40.18,2,0.0,,,
anchor,3,40.207,0,3.696,,,
anchor,1,40.208,2,0.0,,,
ios,2,40.26,,4.730223655700684,44,-77,0
ios,3,40.261,,3.699465274810791,84,135,0
anchor,2,40.266,0,4.474,,,
ios,2,40.346,,4.472903251647949,17,-63,1
anchor,0,40.37,0,3.724,,,
anchor,3,40.404,2,0.0,,,
anchor,1,40.415,0,4.69,,,
anchor,2,40.418,2,0.0,,,
ios,0,40.435,,3.7069180011749268,-82,33,0
anchor,0,40.549,0,3.738,,,
ios,0,40.575,,3.7250194549560547,-82,33,0
anchor,2,40.59,3,0.0,,,
anchor,3,40.593,2,0.0,,,
anchor,1,40.613,0,5.553,,,
anchor,0,40.73,0,3.892,,,
anchor,2,40.752,0,4.075,,,
ios,0,40.759,,3.8307037353515625,-82,33,0
ios,2,40.763,,4.072081089019775,17,-74,1
anchor,3,40.8,0,3.635,,,
anchor,1,40.802,2,0.0,,,
ios,3,40.818,,3.6450424194335938,84,135,0
anchor,2,40.905,2,0.0,,,
anchor,0,40.909,0,3.991,,,
ios,0,40.92,,3.9318017959594727,-82,33,0
anchor,3,40.998,2,0.0,,,
anchor,1,41.009,0,5.581,,,
anchor,2,41.076,0,3.752,,,
anchor,0,41.08,2,0.0,,,
ios,2,41.081,,3.7501039505004883,27,-70,1
anchor,3,41.196,0,3.649,,,
anchor,1,41.198,2,0.0,,,
ios,3,41.2,,3.6451451778411865,84,135,0
anchor,2,41.238,0,3.597,,,
ios,2,41.249,,3.5957107543945312,37,-67,1
anchor,0,41.269,3,0.0,,,
ios,0,41.332,,4.061615467071533,-82,33,0
anchor,3,41.385,5,0.0,,,
anchor,2,41.39,2,0.0,,,
anchor,1,41.404,0,6.468,,,
anchor,0,41.45,0,4.179,,,
ios,0,41.454,,4.136575698852539,-82,33,0
anchor,2,41.562,0,3.184,,,
ios,2,41.586,,3.180798053741455,56,-63,1
anchor,3,41.592,0,3.696,,,
anchor,1,41.594,2,0.0,,,
anchor,0,41.629,0,5.032,,,
ios,3,41.651,,3.6836612224578857,84,135,0
anchor,2,41.724,0,3.015,,,
ios,2,41.74,,3.0159120559692383,47,-62,1
anchor,3,41.79,2,0.0,,,
anchor,0,41.801,5,0.0,,,
anchor,1,41.801,0,13.719,,,
ios,1,41.827,,3.124823570251465,57,133,0
anchor,2,41.886,0,2.926,,,
ios,2,41.897,,2.9244754314422607,46,-63,1
anchor,0,41.98,2,0.0,,,
anchor,3,41.988,0,3.771,,,
anchor,1,41.989,2,0.0,,,
ios,3,42.003,,3.7486331462860107,84,135,0
anchor,2,42.039,2,0.0,,,
anchor,0,42.17,3,0.0,,,
ios,0,42.186,,4.547520637512207,-82,33,0
anchor,3,42.186,2,0.0,,,
anchor,1,42.197,0,13.592,,,
anchor,2,42.201,2,0.0,,,
ios,1,42.217,,3.124823570251465,57,133,0
anchor,0,42.349,3,0.0,,,
anchor,2,42.362,2,0.0,,,
ios,0,42.37,,4.629758834838867,-82,33,0
anchor,3,42.384,0,3.864,,,
anchor,1,42.385,2,0.0,,,
ios,3,42.402,,3.835658550262451,84,135,0
anchor,0,42.521,2,0.0,,,
anchor,2,42.525,2,0.0,,,
anchor,3,42.581,2,0.0,,,
anchor,1,42.592,0,6.632,,,
ios,1,42.597,,3.124823570251465,57,133,0
anchor,2,42.686,2,0.0,,,
anchor,0,42.709,3,0.0,,,
anchor,3,42.781,0,4.024,,,
anchor,1,42.782,2,0.0,,,
ios,3,42.784,,3.975992202758789,84,135,0
anchor,2,42.849,2,0.0,,,
anchor,0,42.89,0,4.76,,,
ios,0,42.9,,4.732787132263184,-82,33,0
anchor,3,42.977,2,0.0,,,
anchor,1,42.988,0,9.249,,,
ios,1,42.992,,3.124823570251465,57,133,0
anchor,2,43.019,0,2.129,,,
ios,2,43.045,,2.1270275115966797,51,-26,1
anchor,0,43.069,0,4.779,,,
ios,0,43.112,,4.759650707244873,-82,33,0
anchor,3,43.167,5,0.0,,,
anchor,2,43.173,2,0.0,,,
anchor,1,43.187,0,5.923,,,
ios,1,43.192,,5.800848960876465,57,133,0
anchor,0,43.25,0,4.704,,,
ios,0,43.265,,4.7213335037231445,-82,33,0
anchor,2,43.344,0,2.378,,,
ios,2,43.349,,2.3767545223236084,31,-82,1
anchor,3,43.365,2,0.0,,,
anchor,1,43.384,0,5.797,,,
ios,1,43.395,,5.793320178985596,57,133,0
anchor,0,43.43,0,4.591,,,
ios,0,43.458,,4.637373447418213,-82,33,0
anchor,2,43.506,0,2.514,,,
ios,2,43.52,,2.448676109313965,31,-82,0
anchor,3,43.563,2,0.0,,,
anchor,1,43.582,0,5.534,,,
ios,1,43.6,,5.620413303375244,57,133,0
anchor,0,43.61,0,4.432,,,
ios,0,43.615,,4.505827903747559,-82,33,0
anchor,2,43.668,0,2.682,,,
ios,2,43.685,,2.5935351848602295,31,-82,0
anchor,3,43.761,2,0.0,,,
anchor,0,43.78,5,0.0,,,
anchor,1,43.78,0,5.553,,,
ios,1,43.789,,5.574355602264404,57,133,0
anchor,2,43.83,0,2.809,,,
ios,2,43.87,,2.7261502742767334,31,-82,0
anchor,0,43.96,2,0.0,,,
anchor,3,43.968,3,0.0,,,
anchor,1,43.97,2,0.0,,,
ios,3,43.974,,4.2368855476379395,84,135,0
anchor,2,43.991,0,2.908,,,
ios,2,44.039,,2.8374383449554443,31,-82,0
anchor,2,44.145,2,0.0,,,
anchor,0,44.149,0,3.832,,,
ios,0,44.155,,3.9639718532562256,-82,33,0
anchor,3,44.166,2,0.0,,,
anchor,1,44.176,0,5.243,,,
anchor,2,44.316,3,0.0,,,
anchor,0,44.32,2,0.0,,,
ios,2,44.34,,3.0602784156799316,31,-82,0
anchor,3,44.364,3,0.0,,,
anchor,1,44.365,2,0.0,,,
ios,3,44.368,,4.425318241119385,84,135,0
anchor,2,44.478,2,0.0,,,
anchor,0,44.509,0,3.508,,,
anchor,3,44.562,2,0.0,,,
anchor,1,44.572,0,5.089,,,
ios,1,44.586,,5.160433292388916,57,133,0
anchor,2,44.631,2,0.0,,,
anchor,0,44.689,0,3.311,,,
anchor,3,44.76,3,0.0,,,
anchor,1,44.762,2,0.0,,,
ios,3,44.78,,4.682859897613525,84,135,0
anchor,2,44.793,2,0.0,,,
anchor,0,44.869,0,3.194,,,
anchor,3,44.949,2,0.0,,,
anchor,2,44.954,2,0.0,,,
anchor,1,44.959,2,0.0,,,
anchor,0,45.049,0,3.02,,,
anchor,2,45.117,2,0.0,,,
anchor,3,45.147,2,0.0,,,
anchor,1,45.167,0,4.737,,,
anchor,0,45.229,0,2.757,,,
anchor,2,45.278,2,0.0,,,
anchor,3,45.354,3,0.0,,,
anchor,1,45.355,2,0.0,,,
ios,3,45.365,,5.020708084106445,84,135,0
anchor,0,45.41,0,2.753,,,
ios,0,45.42,,2.8789618015289307,-82,33,0
anchor,2,45.441,2,0.0,,,
anchor,3,45.543,2,0.0,,,
anchor,1,45.562,0,4.587,,,
ios,1,45.571,,4.655842304229736,57,133,0
anchor,0,45.59,0,2.64,,,
ios,0,45.596,,2.719867706298828,-82,33,0
anchor,2,45.602,2,0.0,,,
anchor,3,45.751,3,0.0,,,
anchor,1,45.751,2,0.0,,,
anchor,0,45.76,2,0.0,,,
anchor,2,45.765,2,0.0,,,
ios,3,45.765,,5.1951751708984375,84,135,0
anchor,2,45.927,2,0.0,,,
anchor,3,45.939,2,0.0,,,
anchor,0,45.948,0,2.274,,,
anchor,1,45.948,5,0.0,,,
ios,0,45.961,,2.386375904083252,-82,33,0
anchor,2,46.098,3,0.0,,,
ios,2,46.102,,3.0602784156799316,31,-82,0
anchor,0,46.13,2,0.0,,,
anchor,3,46.145,0,5.173,,,
anchor,1,46.146,2,0.0,,,
ios,3,46.156,,5.176790714263916,84,135,0
anchor,2,46.26,3,0.0,,,
ios,2,46.268,,3.0602784156799316,31,-82,0
anchor,0,46.31,0,2.654,,,
ios,0,46.322,,2.5870537757873535,-82,33,0
anchor,3,46.343,2,0.0,,,
anchor,1,46.354,0,4.169,,,
ios,1,46.379,,4.238461971282959,57,133,0
anchor,2,46.422,0,4.408,,,
ios,2,46.453,,4.315376281738281,31,-82,0
anchor,0,46.489,0,2.823,,,
anchor,3,46.542,0,4.76,,,
anchor,1,46.544,2,0.0,,,
anchor,2,46.585,0,4.446,,,
ios,0,46.604,,2.7390618324279785,-82,33,0
ios,3,46.604,,4.856107234954834,84,135,0
ios,2,46.604,,4.399816989898682,31,-82,0
anchor,0,46.669,0,2.936,,,
ios,0,46.68,,2.863657236099243,-82,33,0
anchor,2,46.737,5,0.0,,,
anchor,3,46.739,2,0.0,,,
anchor,1,46.75,0,3.892,,,
ios,1,46.766,,3.970817804336548,57,133,0
anchor,0,46.849,0,2.973,,,
ios,0,46.86,,2.9338624477386475,-82,33,0
anchor,2,46.908,0,4.549,,,
anchor,3,46.937,0,5.328,,,
anchor,1,46.939,2,0.0,,,
ios,2,46.94,,4.5052809715271,31,-82,0
ios,3,46.942,,5.214550495147705,84,135,0
anchor,0,47.029,0,3.058,,,
ios,0,47.05,,3.010897397994995,-82,33,0
anchor,2,47.069,0,4.657,,,
ios,2,47.12,,4.5997314453125,31,-82,0
anchor,3,47.136,2,0.0,,,
anchor,1,47.146,0,3.499,,,
ios,1,47.186,,3.607102870941162,57,133,0
anchor,0,47.209,0,3.175,,,
anchor,2,47.231,3,0.0,,,
ios,0,47.278,,3.1133782863616943,-82,33,0
ios,2,47.278,,4.711100101470947,31,-82,0
anchor,3,47.334,0,4.066,,,
anchor,1,47.336,2,0.0,,,
ios,3,47.348,,4.335637092590332,84,135,0
anchor,2,47.385,2,0.0,,,
anchor,0,47.389,0,3.212,,,
ios,0,47.43,,3.1766743659973145,-82,33,0
anchor,3,47.532,2,0.0,,,
anchor,1,47.542,0,3.212,,,
anchor,2,47.547,2,0.0,,,
anchor,0,47.569,0,3.316,,,
anchor,2,47.718,3,0.0,,,
anchor,3,47.72,2,0.0,,,
anchor,0,47.74,5,0.0,,,
anchor,1,47.74,0,3.147,,,
ios,1,47.802,,3.2101776599884033,39,128,1
ios,0,47.802,,3.2642393112182617,-82,33,0
ios,2,47.802,,4.9589080810546875,31,-82,0
ios,1,47.802,,3.145122766494751,42,122,1
anchor,2,47.879,3,0.0,,,
anchor,0,47.92,2,0.0,,,
anchor,3,47.928,0,3.888,,,
anchor,1,47.93,2,0.0,,,
ios,2,48.016,,5.0332417488098145,31,-82,0
ios,3,48.016,,3.968029022216797,84,135,0
anchor,2,48.041,3,0.0,,,
ios,2,48.081,,5.113770484924316,31,-82,0
anchor,0,48.109,0,3.935,,,
ios,0,48.116,,3.7981371879577637,-82,33,0
anchor,3,48.126,2,0.0,,,
anchor,1,48.136,0,2.884,,,
ios,1,48.163,,2.8840034008026123,49,114,1
anchor,2,48.204,3,0.0,,,
ios,2,48.209,,5.144152641296387,31,-82,0
anchor,0,48.289,3,0.0,,,
anchor,3,48.324,0,3.747,,,
anchor,1,48.326,2,0.0,,,
ios,3,48.331,,3.7967352867126465,84,135,0
anchor,2,48.366,0,5.229,,,
ios,2,48.374,,5.193417072296143,31,-82,0
anchor,0,48.47,0,5.145,,,
anchor,2,48.519,5,0.0,,,
anchor,3,48.522,2,0.0,,,
anchor,1,48.532,0,2.87,,,
ios,1,48.552,,2.890690326690674,49,114,0
anchor,0,48.649,0,5.173,,,
anchor,2,48.69,0,5.239,,,
ios,2,48.695,,5.22444486618042,31,-82,0
anchor,3,48.72,0,3.728,,,
anchor,1,48.722,2,0.0,,,
ios,3,48.74,,3.7425382137298584,84,135,0
anchor,0,48.829,0,6.308,,,
anchor,2,48.852,0,5.239,,,
ios,2,48.866,,5.23189115524292,31,-82,0
anchor,3,48.918,2,0.0,,,
anchor,1,48.928,0,2.823,,,
ios,1,48.934,,2.839538812637329,49,114,0
anchor,2,49.005,2,0.0,,,
anchor,0,49.009,0,6.341,,,
anchor,3,49.117,0,3.71,,,
anchor,1,49.119,2,0.0,,,
ios,3,49.135,,3.7151036262512207,84,135,0
anchor,2,49.176,0,5.29,,,
anchor,0,49.18,2,0.0,,,
ios,2,49.199,,5.271607398986816,31,-82,0
anchor,3,49.313,2,0.0,,,
anchor,1,49.324,0,2.8,,,
anchor,2,49.328,2,0.0,,,
ios,1,49.351,,2.808687210083008,49,114,0
anchor,0,49.368,0,7.068,,,
anchor,2,49.499,0,5.248,,,
anchor,3,49.503,2,0.0,,,
ios,2,49.517,,5.251996040344238,31,-82,0
anchor,1,49.522,0,2.804,,,
ios,1,49.547,,2.8039348125457764,49,114,0
anchor,0,49.549,3,0.0,,,
anchor,2,49.662,3,0.0,,,
ios,2,49.666,,5.266526222229004,31,-82,0
anchor,3,49.71,0,3.728,,,
anchor,1,49.712,2,0.0,,,
ios,3,49.726,,3.724843978881836,84,135,0
anchor,0,49.729,0,7.044,,,
ios,0,49.792,,3.7981371879577637,-82,33,0
anchor,2,49.824,0,5.267,,,
ios,2,49.833,,5.2636823654174805,31,-82,0
anchor,0,49.9,2,0.0,,,
anchor,3,49.907,2,0.0,,,
anchor,1,49.917,0,2.776,,,
ios,1,49.925,,2.780757188796997,49,114,0
anchor,2,49.986,0,5.267,,,
ios,2,49.993,,5.264100074768066,31,-82,0
anchor,0,50.09,0,7.11,,,
ios,0,50.091,,3.7981371879577637,-82,33,0
anchor,3,50.106,0,3.644,,,
anchor,1,50.107,2,0.0,,,
anchor,2,50.148,0,5.243,,,
ios,3,50.16,,3.6433777809143066,-25,-73,1
ios,2,50.198,,5.248826503753662,31,-82,0
anchor,0,50.269,0,6.894,,,
ios,0,50.284,,3.7981371879577637,-82,33,0
anchor,2,50.301,5,0.0,,,
anchor,3,50.304,2,0.0,,,
anchor,1,50.314,0,2.795,,,
ios,1,50.372,,2.7902352809906006,49,114,0
anchor,0,50.449,3,0.0,,,
anchor,2,50.471,3,0.0,,,
anchor,3,50.502,0,3.639,,,
anchor,1,50.503,2,0.0,,,
anchor,2,50.624,2,0.0,,,
anchor,0,50.629,3,0.0,,,
anchor,3,50.7,2,0.0,,,
anchor,1,50.71,0,2.884,,,
ios,0,50.747,,3.7981371879577637,-82,33,0
ios,2,50.747,,5.245084762573242,31,-82,0
ios,3,50.747,,3.638880968093872,-29,-75,1
ios,0,50.747,,3.7981371879577637,-82,33,0
ios,1,50.747,,2.8828043937683105,85,82,1
anchor,2,50.796,0,5.154,,,
anchor,0,50.8,2,0.0,,,
anchor,3,50.898,0,3.531,,,
anchor,1,50.899,2,0.0,,,
ios,2,50.918,,5.174351215362549,31,-82,0
ios,3,50.931,,3.5297563076019287,0,131,1
anchor,2,50.958,0,5.15,,,
anchor,0,50.989,0,7.227,,,
ios,2,51.057,,5.157047748565674,31,-82,0
anchor,3,51.086,2,0.0,,,
anchor,1,51.096,2,0.0,,,
anchor,2,51.11,2,0.0,,,
anchor,0,51.16,2,0.0,,,
anchor,3,51.284,2,0.0,,,
